Monat von Order Date;Country;Sales
Februar;United Kingdom;79,2
Februar;United Kingdom;388,92
Februar;United Kingdom;35,19
Februar;United Kingdom;50,94
Februar;United Kingdom;307,44
Februar;United Kingdom;122,4
Februar;United Kingdom;413,82
November;Germany;347,88
November;Germany;575,505
August;France;14,04
Juni;Germany;268,164
Mai;Italy;36,72
Mai;Italy;28,17
Februar;Germany;332,01
Februar;Germany;110,025
Februar;Germany;41,94
September;Germany;192,6
September;Germany;336,24
Januar;Germany;90,9
Januar;Germany;75,6
April;Germany;106,56
April;Sweden;72
November;United Kingdom;227,28
November;France;46,92
November;France;34,02
Juli;Spain;854,28
August;Germany;221,292
August;Germany;150
August;Germany;757,32
April;France;402,78
Mai;France;173,097
Juli;Spain;85,5
Februar;France;30,66
September;United Kingdom;590,94
September;United Kingdom;520,8
März;United Kingdom;511,02
März;United Kingdom;788,4
März;United Kingdom;126
März;United Kingdom;318,03
Oktober;United Kingdom;799,47
Oktober;United Kingdom;955,5
Oktober;United Kingdom;25,08
Oktober;United Kingdom;11,13
Oktober;United Kingdom;246,9
Oktober;United Kingdom;51,78
Oktober;United Kingdom;162,18
Januar;France;29,55
Januar;France;13,8
Januar;France;677,4075
Juni;France;26,67
Juni;France;1062,534
Juni;France;73,53
Juni;France;179,88
Oktober;Italy;67,92
Oktober;Italy;74,556
Oktober;Italy;20,16
Juni;United Kingdom;34,29
Dezember;France;437,724
Mai;France;30,15
März;Ireland;67,41
Dezember;Netherlands;23,73
Juni;France;33,06
Dezember;France;67,86
Dezember;France;129,06
Dezember;France;260,793
Dezember;France;196,884
Dezember;France;36
Dezember;France;36,9
Februar;Italy;112,5
Juni;France;572,481
Juni;France;6,81
Juni;France;305,3625
Juni;France;23,1
Juni;France;121,86
Juni;France;89,73
Juni;France;222,24
August;Germany;117,99
August;Germany;4473
Juni;Spain;1732,71
Juni;Spain;133,5
Dezember;United Kingdom;148,284
April;United Kingdom;66,177
April;United Kingdom;1116,99
April;United Kingdom;28,566
März;France;165,96
März;Spain;33,72
Juni;Germany;123,93
Juni;Germany;1950,372
Juni;Germany;130,455
November;France;138,96
November;France;87,96
November;France;120,312
November;France;246,15
November;France;161,91
November;France;88,074
August;France;610,47
April;France;1250,235
April;France;160,92
Januar;France;24,48
Januar;France;637,2
Januar;France;79,08
Dezember;France;229,44
Dezember;France;25,14
Dezember;France;17,37
Dezember;France;101,85
Dezember;France;370,737
Januar;France;1828,71
Januar;France;16,86
Januar;France;357,21
März;Germany;79,11
März;Germany;77,4
März;Germany;115,08
März;Germany;382,32
Dezember;France;450,117
März;France;35,82
Dezember;Germany;260,82
September;France;1119,582
September;France;53,16
September;France;1137,2235
September;France;618,084
März;Germany;210,96
August;Portugal;34,35
April;Germany;29,88
September;Italy;130,104
September;Italy;55,296
September;Italy;29,76
Dezember;Italy;250,992
Dezember;Italy;43,2
Dezember;Italy;632,07
Dezember;Italy;185,13
Oktober;Germany;71,28
September;Germany;732,06
April;France;95,28
April;France;128,385
August;Netherlands;114,3
Mai;Sweden;59,325
Mai;Sweden;69,3
August;Italy;29,7
Oktober;France;279,72
Oktober;France;46,62
Oktober;France;435,357
Oktober;France;528,003
Oktober;France;94,77
Oktober;France;29,808
Oktober;France;146,523
Dezember;United Kingdom;478,98
Dezember;Spain;53,568
Juni;France;53,55
Juli;France;277,695
Juli;France;54,75
Juli;France;25,38
September;Austria;26,88
August;Spain;267,72
September;Netherlands;73,95
September;Netherlands;9
Juni;France;86,346
Juni;France;79,92
Juni;France;16,71
Oktober;France;88,8
Oktober;France;1015,92
August;Germany;8,7
August;Germany;23,1
August;Germany;130,56
Juli;United Kingdom;29,88
Juli;United Kingdom;1023,12
Juli;United Kingdom;108,45
August;France;126,48
August;France;258,9
Juni;Sweden;16,65
Juni;Sweden;74,88
Mai;United Kingdom;161,91
November;Spain;50,22
November;Spain;432,6
September;France;33,42
September;France;258,9
September;France;1622,01
Juni;Germany;840,9
August;France;1547,1
Januar;Italy;34,38
April;United Kingdom;2111,97
Juni;United Kingdom;16,98
Juni;United Kingdom;59,88
Juni;United Kingdom;125,37
Februar;France;216,72
Februar;France;42,3
August;France;58,56
August;France;178,146
August;France;75,33
Juli;Netherlands;6,51
Juli;Netherlands;65,37
Dezember;France;241,056
Dezember;France;52,98
Dezember;France;38,28
Dezember;France;1462,1445
Juli;Spain;297,84
Juli;Spain;261,954
Juli;Spain;245,94
September;France;1068,714
September;Germany;718,794
September;Germany;56,82
Dezember;Netherlands;26,19
August;France;95,04
Juni;France;48,357
Juni;France;61,2
Juni;France;266,895
Juni;France;146,4
September;France;51,66
Juni;France;126,174
Juni;France;154,26
Juni;France;207,9
August;Germany;186,48
August;Germany;243,81
August;Germany;18,36
August;Germany;1190,49
August;Germany;44,037
März;France;134,946
Dezember;France;1262,925
November;United Kingdom;50,25
August;Spain;492,42
August;Spain;851,7
Dezember;Netherlands;73,875
Dezember;Netherlands;40,635
Dezember;Netherlands;28,26
Dezember;Netherlands;378,81
August;Spain;53,64
September;France;54,72
September;France;504,711
November;Sweden;115,065
November;Sweden;86,625
April;Sweden;45,06
April;Sweden;43,8
April;Sweden;26,955
April;Sweden;143,475
September;Germany;158,22
Februar;Germany;233,7
Februar;Germany;672,48
Februar;Norway;369,09
Februar;Belgium;49,56
Februar;Belgium;21,96
Mai;France;15,96
Mai;France;71,28
Oktober;Germany;246,3
Oktober;Germany;396,333
Dezember;France;238,2
April;Italy;53,4
August;Germany;50,25
November;Austria;1269,72
November;Austria;3221,4
November;Austria;19,23
November;Austria;79,08
November;Austria;1846,11
November;Austria;36,24
November;Austria;385,2
November;Austria;228,45
November;Austria;144,18
November;Austria;154,2
Juni;France;2114,64
Juni;France;145,8
Juni;France;120,84
Dezember;United Kingdom;64,2
Juni;France;31,92
Dezember;France;89,04
Dezember;France;32,52
Dezember;France;28,38
Dezember;France;231,132
Dezember;France;252,72
August;France;150,39
August;France;161,514
Februar;United Kingdom;17,73
Februar;United Kingdom;16,62
Februar;United Kingdom;471
Februar;United Kingdom;83,46
Dezember;Spain;183,87
August;France;103,14
August;France;143,1
August;France;1809,78
Februar;Netherlands;27,3
September;Spain;62,58
Dezember;France;370,926
Juli;France;66,15
Juli;France;346,5
Mai;France;320,6115
Juni;Italy;27,864
August;Spain;10,05
Dezember;Germany;1120,77
Dezember;Germany;126,927
Dezember;Germany;661,32
Dezember;Germany;278,7
April;Germany;348,624
November;United Kingdom;132,84
November;United Kingdom;112,35
November;United Kingdom;520,38
November;United Kingdom;47,94
September;Germany;55,14
September;Germany;57,3
September;Germany;22,92
August;Germany;30,051
November;Spain;396,09
März;Italy;58,212
September;Spain;82,8
März;United Kingdom;84,96
August;Germany;33,96
August;Germany;207,15
September;United Kingdom;844,02
Dezember;Portugal;20,43
Dezember;Portugal;321,75
Juni;United Kingdom;92,82
Juni;United Kingdom;16,86
Dezember;Germany;20,64
Dezember;Germany;94,5
Dezember;Germany;311,01
September;Netherlands;96,6
Dezember;Italy;106,32
Januar;Germany;534,357
Juni;Spain;37,44
Juni;Spain;780,57
Juni;Spain;12,51
Juni;Spain;41,52
Juni;Spain;76,464
Juni;Spain;464,67
Juni;Spain;33,3
Dezember;Germany;32,25
Oktober;United Kingdom;1704,87
Oktober;France;45,78
September;Germany;42,45
September;Germany;892,755
September;Germany;274,8
September;Germany;955,62
Mai;France;84,96
Mai;France;113,58
Mai;France;1253,07
Mai;France;165,42
November;Italy;147,888
Dezember;France;30,96
Juli;Sweden;32,655
Juli;Sweden;32,19
März;France;88,56
März;France;199,44
Februar;Italy;37,71
Februar;Italy;111,12
Mai;Germany;892,269
Oktober;France;107,4
Oktober;France;1616,0625
September;Germany;60,39
September;Germany;927,72
September;Germany;152,37
September;Germany;39,96
September;Germany;236,952
Januar;Germany;346,29
Januar;United Kingdom;323,82
November;Netherlands;71,715
November;Netherlands;41,475
November;Netherlands;76,56
September;Italy;371,79
Mai;France;96,66
November;France;192,6
November;France;66,72
Februar;France;86,346
Februar;France;44,94
Februar;France;273,564
Juli;Austria;59,22
August;Austria;517,5
April;Austria;81,69
Juli;Austria;465,24
Juni;Austria;352,35
April;Austria;44,22
Juli;Austria;53,55
Juli;Austria;17,46
August;Austria;49,5
August;Austria;97,32
Juni;Austria;70,56
September;Austria;107,94
September;Austria;439,68
Mai;Austria;205,68
Juni;Austria;66,6
Oktober;Austria;97,68
Oktober;Austria;60,9
Dezember;Austria;6,66
April;Austria;88,74
Juli;Austria;61,32
November;Austria;28,02
September;Austria;12,9
September;Austria;37,44
Juli;Austria;17,73
Juli;Austria;1100,52
Juli;Austria;119,64
September;Austria;680,76
September;Austria;90,3
April;Austria;316,05
Mai;Austria;735,75
Oktober;Austria;1318,65
Oktober;Austria;319,98
März;Austria;1060,44
Juli;Austria;122,43
September;Austria;31,92
September;Austria;54
Juni;Austria;75,87
Juli;Austria;45,96
Juni;Austria;68,1
Juli;Austria;165,42
März;Austria;242,1
Januar;Austria;212,16
Juli;Austria;87,9
Oktober;Austria;100,62
Oktober;Austria;103,2
Juni;Austria;82,32
Juni;Austria;29,25
Oktober;Austria;509,76
Juni;Austria;218,79
Februar;Austria;173,82
August;Austria;52,53
Juli;Austria;121,68
Mai;Austria;53,76
Dezember;Austria;23,82
September;Austria;779,22
Oktober;Austria;146,7
März;Austria;265,26
Oktober;Austria;910,8
August;Austria;256,74
Juli;Austria;293,58
Oktober;Austria;1026,96
April;Austria;112,92
Juli;Austria;21,54
Januar;Austria;118,86
November;Austria;396,9
Januar;Austria;215,73
Februar;Austria;411,93
Juni;Austria;146,88
Februar;Austria;145,35
August;Austria;150
September;Austria;131,76
April;Austria;113,4
September;Austria;64,44
Dezember;Austria;82,5
April;Belgium;121,5
November;Belgium;424,8
September;Belgium;166,08
Juli;Belgium;324
Dezember;Belgium;1135,8
Juni;Belgium;186,69
Februar;Belgium;104,4
August;Belgium;107,4
November;Belgium;69,75
Juli;Belgium;73,53
Dezember;Belgium;60,6
September;Belgium;43,83
November;Belgium;151,02
August;Belgium;4,89
Dezember;Belgium;83,97
Juni;Belgium;257,25
Dezember;Belgium;158,1
August;Belgium;504,09
November;Belgium;143,37
April;Belgium;245,04
Juni;Belgium;726,78
Juli;Belgium;197,1
März;Belgium;547,83
November;Belgium;496,53
Juni;Belgium;297
Juni;Belgium;253,44
Dezember;Belgium;1590,66
August;Belgium;1158,3
Dezember;Belgium;954,09
November;Belgium;96
Juni;Belgium;42,12
September;Belgium;76,65
Juni;Belgium;49,95
Dezember;Belgium;158,94
April;Belgium;25,26
Juli;Belgium;550,2
Juli;Belgium;10,08
August;Belgium;372,6
März;Belgium;18,09
Juni;Belgium;102,48
Juni;Belgium;1334,64
Dezember;Belgium;78,75
September;Belgium;642
November;Belgium;409,14
November;Belgium;293,58
April;Belgium;60,48
Juni;Belgium;1133,04
Juli;Belgium;256,86
Juli;Belgium;47,55
Juli;Belgium;688,95
November;Belgium;111,45
September;Belgium;108,24
August;Denmark;70,95
August;Denmark;83,88
Dezember;Denmark;527,01
März;Denmark;81,315
August;Denmark;24,96
November;Denmark;93,18
November;Denmark;25,815
November;Denmark;32,55
April;Denmark;2,955
November;Denmark;97,89
Februar;Denmark;31,935
Juli;Denmark;17,07
Juli;Denmark;70,416
Februar;Denmark;160,992
November;Denmark;50,4
November;Denmark;50,7
Februar;Denmark;49,77
März;Denmark;656,91
November;Denmark;151,875
Mai;Denmark;110,28
Januar;Denmark;206,01
November;Denmark;74,88
Oktober;Denmark;88,68
April;Denmark;86,94
September;Finland;173,25
September;Finland;93,48
Juni;Finland;594,27
Oktober;Finland;173,94
Juni;Finland;100,44
Mai;France;168,3
Oktober;France;465,24
April;France;114,81
September;France;110,7
Dezember;France;2070
Dezember;France;508,32
Dezember;France;169,92
April;France;210,78
Dezember;France;306,81
Juli;France;217,35
Oktober;France;238,5
April;France;206,76
September;France;118,68
November;France;226,56
Juli;France;517,95
Juni;France;169,92
Januar;France;1301,25
August;France;116,31
Dezember;France;200,16
November;France;775,62
Mai;France;117,6
Dezember;France;220,44
August;France;414,75
September;France;776,88
Juni;France;229,32
Januar;France;192,06
Juni;France;162,54
Dezember;France;228,78
Mai;France;488,88
August;France;36,12
April;France;345,06
Mai;France;307,44
Dezember;France;237,87
Dezember;France;647,13
Oktober;France;254,88
März;France;687,6
August;France;207,18
November;France;61,56
November;France;224,82
Februar;France;114,3
Juni;France;95,202
August;France;511,623
Januar;France;74,763
Januar;France;1785,888
Dezember;France;1022,22
Dezember;France;555,741
Dezember;France;224,289
August;France;1518,183
Dezember;France;972,864
Dezember;France;440,64
Juli;France;1869,588
Dezember;France;1104,408
Juli;France;240,57
September;France;1355,13
August;France;1541,43
August;France;1955,124
Dezember;France;1010,34
Februar;France;157,302
Juni;France;153,576
Februar;France;896,886
September;France;833,328
September;France;555,228
Mai;France;1086,156
Mai;France;232,389
November;France;3150,819
Mai;France;1533,33
Mai;France;224,289
Juli;France;746,82
November;France;225,828
Februar;France;90,48
Mai;France;31,92
Juni;France;110,25
Juni;France;133,2
August;France;194,4
August;France;115,8
September;France;17,01
August;France;244,35
August;France;46,44
Dezember;France;133,35
November;France;46,92
November;France;218,16
Oktober;France;74,85
Dezember;France;113,76
Dezember;France;98,04
Dezember;France;293,22
Oktober;France;83,79
Dezember;France;81,375
Dezember;France;41,28
Dezember;France;48,6
März;France;152,1
Mai;France;148,5
Dezember;France;16,86
Dezember;France;99,72
Dezember;France;205,44
August;France;76,14
September;France;95,22
August;France;34,02
Juni;France;57,9
Mai;France;340,62
Januar;France;97,2
März;France;80,52
Dezember;France;45,36
November;France;322,2
November;France;289,17
August;France;107,82
August;France;154,89
Dezember;France;28,56
April;France;39,54
September;France;167,58
Juni;France;138,96
Juli;France;76,05
September;France;55,38
November;France;88,44
Oktober;France;107,82
Oktober;France;73,53
November;France;47,88
Januar;France;152,19
Januar;France;87,03
Dezember;France;177,3
November;France;138,45
Februar;France;43,65
November;France;207,12
Oktober;France;24,72
November;France;42,84
August;France;133,2
Juni;France;147,75
Juni;France;182,76
Februar;France;85,32
Januar;France;139,65
März;France;52,86
März;France;227,28
Februar;France;161,91
Februar;France;162,54
Dezember;France;109,92
August;France;60,48
August;France;64,26
September;France;48,06
Mai;France;101,46
Juni;France;29,01
Juni;France;377,79
Oktober;France;105,48
Januar;France;109,92
Mai;France;146,79
September;France;27,96
August;France;48,84
Juni;France;170,52
Juni;France;43,515
Juni;France;27,27
Juni;France;107,82
April;France;282,66
August;France;327,24
April;France;43,515
April;France;109,92
Mai;France;59,22
November;France;16,02
Dezember;France;94,35
November;France;109,08
August;France;137,25
August;France;122,22
Dezember;France;99,48
September;France;110,76
April;France;54,18
Mai;France;27,96
Mai;France;40,26
Juni;France;194,4
Dezember;France;29,01
Dezember;France;73,26
März;France;66,15
August;France;145,98
Oktober;France;381,78
März;France;39,54
März;France;355,11
Dezember;France;146,79
Februar;France;29,01
Oktober;France;70,38
November;France;53,4
November;France;211,44
November;France;164,7
Juni;France;42,66
November;France;138,39
Februar;France;63
Mai;France;107,4
April;France;22,11
August;France;122,55
September;France;245,43
September;France;126,9
November;France;26,94
November;France;143,04
Februar;France;12
Dezember;France;14,01
April;France;30,3
August;France;39,06
April;France;14,82
April;France;90,36
August;France;22,23
August;France;13,905
November;France;27,09
September;France;27,96
März;France;348,39
Februar;France;23,1
September;France;70,56
Januar;France;20,52
Januar;France;14,04
September;France;244,8
August;France;84,69
Dezember;France;95,85
Dezember;France;212,1
Dezember;France;72
Dezember;France;91,44
Juni;France;17,82
Dezember;France;41,37
Dezember;France;202,2
Dezember;France;6,81
Dezember;France;308,7
Juni;France;24,48
Juni;France;21,78
September;France;17,73
August;France;18,36
Dezember;France;99,54
August;France;42,45
August;France;68,4
November;France;24,72
November;France;96,81
Oktober;France;26,88
August;France;43,83
April;France;81,99
September;France;58,32
September;France;24,72
August;France;24,72
August;France;72,6
August;France;25,14
Juni;France;100,26
Dezember;France;37,08
November;France;52,56
Juli;France;48,42
März;France;35,91
Januar;France;12,66
September;France;13,38
Januar;France;255,45
Dezember;France;174,96
Oktober;France;24
Oktober;France;13,65
September;France;109,8
Juni;France;88,92
November;France;18,54
Januar;France;51,45
März;France;39,33
März;France;85,05
August;France;233,28
Mai;France;139,95
August;France;61,8
Dezember;France;98,4
Dezember;France;26,22
November;France;58,98
November;France;189
Oktober;France;59,16
Oktober;France;33,21
April;France;257,1
Februar;France;101,76
Dezember;France;30,96
Dezember;France;101,1
August;France;24,96
April;France;62,37
Mai;France;23,64
Dezember;France;12,9
Dezember;France;149,31
August;France;226,8
April;France;137,16
September;France;52,56
August;France;154,35
November;France;98,4
Januar;France;8,04
November;France;40,2
Dezember;France;25,8
Januar;France;44,1
November;France;60,24
Juni;France;31,92
Juli;France;22,14
Dezember;France;89,73
August;France;31,02
Juni;France;184,86
September;France;15,24
November;France;13,98
Juli;France;21,285
September;France;40,95
August;France;42,12
November;France;59,94
Mai;France;25,8
Mai;France;52,92
Mai;France;210,36
Mai;France;153,81
Dezember;France;201,84
Januar;France;258,9
August;France;17,82
Dezember;France;45,72
März;France;31,59
März;France;42,21
Juni;France;262,95
August;France;28,38
September;France;137,25
November;France;338,1
Dezember;France;80,85
Oktober;France;23,16
Oktober;France;20,16
Januar;France;58,08
Dezember;France;24,72
Januar;France;246,15
Dezember;France;68,4
Dezember;France;46,44
August;France;289,8
November;France;86,4
Oktober;France;43,83
November;France;17,82
Oktober;France;47,04
August;France;91,98
Juli;France;5,91
Dezember;France;55,92
Februar;France;17,1
November;France;13,83
November;France;17,1
November;France;106,05
August;France;103,56
März;France;62,04
Mai;France;10,68
April;France;205,8
Juni;France;58,98
Januar;France;57,75
Dezember;France;88,47
September;France;95,85
November;France;814,374
Juni;France;717,336
Dezember;France;658,638
Juni;France;598,104
Oktober;France;709,56
März;France;2953,584
Dezember;France;1052,433
August;France;217,89
November;France;336,393
Januar;France;371,952
Juni;France;560,655
März;France;1114,236
Oktober;France;516,132
November;France;676,485
Januar;France;977,022
Juli;France;672,57
April;France;1060,56
Mai;France;255,42
Februar;France;1630,8
April;France;450,36
April;France;356,562
Januar;France;217,89
September;France;1637,01
Oktober;France;303,912
September;France;257,04
September;France;2452,275
November;France;223,182
Mai;France;729,48
Mai;France;204,408
November;France;709,56
Juli;France;907,011
April;France;200,16
April;France;439,344
März;France;446,148
Juni;France;656,856
Dezember;France;747,36
September;France;741,852
November;France;330,156
August;France;1112,778
Oktober;France;529,74
August;France;670,41
April;France;310,716
September;France;268,812
Mai;France;1189,242
August;France;706,32
Dezember;France;129,033
Juni;France;228,744
August;France;224,856
Oktober;France;269,244
März;France;461,484
April;France;156,006
November;France;618,3
August;France;242,838
Juni;France;306,774
Dezember;France;400,95
März;France;626,184
September;France;334,53
August;France;290,196
Mai;France;317,142
August;France;1076,247
Januar;France;364,257
Januar;France;597,24
August;France;259,605
November;France;5729,346
September;France;104,004
April;France;476,361
Februar;France;380,16
Februar;France;107,676
Mai;France;437,481
Dezember;France;1656,72
Dezember;France;1473,408
September;France;413,451
Juni;France;297,918
Mai;France;828,36
September;France;156,654
April;France;355,968
November;France;312,012
Februar;France;574,56
Dezember;France;661,905
Februar;France;346,113
April;France;148,014
Januar;France;101,412
Oktober;France;845,856
Februar;France;1822,536
April;France;667,539
September;France;486,999
Dezember;France;965,0475
Dezember;France;205,6065
Januar;France;1621,9275
Oktober;France;444,5415
April;France;327,981
Juni;France;815,949
Juli;France;249,7725
November;France;646,425
August;France;819,6975
September;France;645,711
April;France;959,412
November;France;249,543
Februar;France;528,7425
September;France;676,0305
April;France;1076,406
April;France;203,388
August;France;578,136
Dezember;France;119,763
April;France;1447,8135
August;France;815,796
August;France;483,7095
Januar;France;643,365
Oktober;France;215,73
August;France;630,36
Januar;France;301,41
August;France;448,341
September;France;406,98
Mai;France;379,134
April;France;605,7525
November;France;890,052
November;France;239,598
Juni;France;286,008
April;France;667,9215
April;France;643,977
Februar;France;332,4195
März;France;1505,979
März;France;1076,406
Februar;France;1299,684
März;France;711,858
Januar;France;828,546
Juni;France;370,6425
Februar;France;541,518
Dezember;France;416,721
November;France;641,835
Dezember;France;118,17
Dezember;France;47,1
Dezember;France;62,64
Oktober;France;85,59
Juni;France;67,2
Januar;France;29,55
Februar;France;162
April;France;13,05
Oktober;France;281,52
Februar;France;18,18
November;France;9,9
Februar;France;54,78
August;France;21,6
Oktober;France;117,6
Dezember;France;41,76
Juni;France;78,3
Dezember;France;23,55
Januar;France;122,13
Dezember;France;147,84
Juni;France;42
Februar;France;83,4
Juni;France;36
Januar;France;25,08
Juni;France;59,1
Dezember;France;10,92
August;France;77,4
März;France;117
März;France;61,47
Februar;France;44,28
August;France;91,8
Juni;France;79,8
September;France;70,5
August;France;21,06
Dezember;France;35,46
November;France;31,23
August;France;56,43
August;France;19,68
November;France;20,7
November;France;34,14
September;France;45,96
August;France;35,64
Februar;France;75,84
August;France;59,31
September;France;13,14
September;France;27,78
Oktober;France;93,3
Mai;France;28,86
Dezember;France;49,2
November;France;68,55
September;France;112,32
April;France;7,215
Dezember;France;22,08
April;France;116,76
Dezember;France;83,25
Juni;France;24,72
Mai;France;70,65
Dezember;France;48,78
November;France;115,2
August;France;56,52
September;France;26,82
April;France;57,15
Oktober;France;14,64
März;France;42,36
August;France;81,3
September;France;94,38
Januar;France;581,55
August;France;427,68
September;France;749,49
Juni;France;37,38
Dezember;France;122,22
Dezember;France;666,72
September;France;103,5
Juni;France;151,56
Juni;France;226,56
November;France;342,09
November;France;243,9
Januar;France;130,95
April;France;100,02
April;France;126,45
März;France;453,12
Oktober;France;122,94
August;France;50,52
September;France;108,51
Februar;France;170,28
Dezember;France;330,12
Dezember;France;70,92
November;France;114,87
August;France;879,6
Juni;France;341,46
Dezember;France;232,62
September;France;222,24
Januar;France;155,7
Dezember;France;189,36
November;France;52,83
Dezember;France;257,25
Januar;France;402,48
November;France;97,86
Januar;France;324,45
Dezember;France;55,62
April;France;25,2
April;France;33,57
August;France;18,45
August;France;10,92
August;France;21,84
Juni;France;42,96
August;France;15,12
August;France;53,55
Januar;France;45,6
Juni;France;36,72
Juni;France;26,88
Juni;France;28,56
Juli;France;94,08
August;France;76,44
Januar;France;32,85
Januar;France;45
August;France;39,15
Februar;France;5,04
Februar;France;21,96
März;France;40,32
September;France;42,96
Januar;France;21
Mai;France;39
Juni;France;38,43
Februar;France;27,36
Dezember;France;43,65
April;France;17,28
Dezember;France;16,74
Dezember;France;15,84
Juli;France;39,42
Juni;France;16,875
Juni;France;54,75
Mai;France;17,28
Dezember;France;28,08
April;France;26,82
April;France;10,5
Dezember;France;28,08
August;France;17,88
August;France;27,81
Mai;France;4,65
Dezember;France;44,64
September;France;45
November;France;46,2
August;France;78,3
August;France;304,92
November;France;513,213
September;France;417,231
Januar;France;313,4205
August;France;298,7325
Oktober;France;1138,83
Dezember;France;1058,25
November;France;439,416
November;France;752,76
Januar;France;72,471
November;France;765,459
Januar;France;2102,832
Juni;France;619,4205
August;France;307,683
August;France;130,458
Februar;France;482,4855
Dezember;France;284,07
November;France;645,966
Februar;France;918,459
Oktober;France;1350,99
Januar;France;586,092
Dezember;France;453,747
Juli;France;187,572
November;France;2456,619
Dezember;France;133,6455
Dezember;France;429,318
Dezember;France;524,178
Dezember;France;147,849
Dezember;France;111,078
März;France;446,658
November;France;595,986
April;France;1599,156
Januar;France;1020,612
Januar;France;441,609
Oktober;France;795,8295
Januar;France;495,3375
Juli;France;778,6935
November;France;313,7265
September;France;135,84
Dezember;France;151,38
März;France;145,95
Dezember;France;20,28
Mai;France;193,32
August;France;26,94
April;France;71,46
August;France;29,88
November;France;27,96
April;France;62,64
Dezember;France;324,66
Juli;France;102,42
Februar;France;82,95
November;France;29,91
Dezember;France;90,45
Mai;France;101,7
Juli;France;79,74
Dezember;France;123,6
November;France;94,2
Februar;France;59,34
April;France;96,6
November;France;83,88
März;France;27,06
April;France;169,65
Juni;France;55,92
August;France;89,64
Mai;France;89,37
Januar;France;249,15
Januar;France;67,56
September;France;171
Mai;France;33,6
April;France;31,2
April;France;15,57
November;France;46,98
November;France;26,52
August;France;108,54
Dezember;France;232,95
April;France;21,09
Oktober;France;71,46
November;France;119,28
August;France;176,4
Oktober;France;44,82
Oktober;France;139,8
Dezember;France;368,271
Dezember;France;323,2125
Dezember;France;1622,3355
August;France;788,868
Januar;France;332,163
Dezember;France;62,3475
November;France;296,922
Juli;France;129,132
August;France;543,201
August;France;1625,2425
Dezember;France;347,4375
Dezember;France;486,642
September;France;709,0275
August;France;1629,45
November;France;317,7045
Juni;France;426,972
November;France;258,264
September;France;557,0475
Juni;France;192,528
August;France;4876,875
August;France;353,124
August;France;829,1325
Oktober;France;140,403
Oktober;France;474,3
Februar;France;428,706
Dezember;France;620,415
September;France;277,185
Januar;France;464,61
Februar;France;225,471
April;France;566,916
Juni;France;124,593
Juli;France;1824,144
Januar;France;736,8225
Mai;France;283,611
September;France;364,9815
Januar;France;314,364
Januar;France;535,8825
Januar;France;773,7975
Mai;France;480,522
Dezember;France;785,91
Dezember;France;214,2
Februar;France;314,262
Oktober;France;209,763
Mai;France;230,256
Mai;France;744,066
September;France;552,501
Juni;France;535,734
August;France;60,183
April;France;1244,187
Juni;France;1019,52
Februar;France;120,366
Februar;France;886,41
Januar;France;552,501
September;France;48,357
Juni;France;333,072
Oktober;France;129,519
Dezember;France;382,401
Januar;France;231,984
Dezember;France;247,158
November;France;374,058
Februar;France;255,744
Januar;France;97,632
August;France;359,64
März;France;845,019
Dezember;France;48,789
November;France;62,964
März;France;260,28
April;France;537,03
Dezember;France;18,468
April;France;110,484
April;France;45,846
Mai;France;53,568
Januar;France;63,99
September;France;338,688
August;France;42,039
August;France;84,159
Mai;France;559,872
Juni;France;70,956
September;France;43,335
Dezember;France;169,344
November;France;710,964
April;France;370,737
März;France;462,348
September;France;43,659
April;France;356,292
Dezember;France;182,898
Dezember;France;62,208
März;France;245,484
Juni;France;88,074
Juni;France;1428,84
Juni;France;104,328
Dezember;France;391,608
Dezember;France;248,022
September;France;548,694
Oktober;France;217,728
November;France;261,63
August;France;157,464
Dezember;France;87,48
Juli;France;88,56
Juli;France;104,976
April;France;380,97
August;France;362,151
Mai;France;355,482
Dezember;France;106,974
Dezember;France;61,128
September;France;230,202
September;France;31,428
Januar;France;714,204
September;France;335,664
Mai;France;19,332
Mai;France;184,167
Januar;France;355,482
April;France;36,828
Juni;France;555,66
Januar;France;248,022
August;France;43,2
März;France;43,2
Februar;France;734,94
Februar;France;382,32
August;France;379,242
September;France;174,42
November;France;693,198
April;France;1603,071
Mai;France;1119,582
Juni;France;53,136
August;France;734,94
Dezember;France;38,88
Dezember;France;88,938
September;France;169,047
November;France;71,28
Dezember;France;70,956
Dezember;France;277,56
Dezember;France;557,28
Dezember;France;345,303
September;France;55,296
Mai;France;174,42
März;France;132,03
März;France;148,878
Dezember;France;16,173
März;France;88,02
März;France;354,564
Februar;France;167,751
März;France;559,872
Juni;France;808,731
Januar;France;53,217
Januar;France;380,97
Juni;France;41,472
September;France;157,464
Januar;France;21,6
Mai;France;88,938
November;France;206,604
November;France;295,326
August;France;277,56
Dezember;France;216
Januar;France;71,04
Juni;France;238,2
Dezember;France;44,52
August;France;75,24
Mai;France;56,76
November;France;62,7
Dezember;France;300,72
Juni;France;38,46
August;France;157,95
Dezember;France;43,47
September;France;145,17
September;France;177,48
November;France;32,22
Dezember;France;125,4
November;France;212,52
August;France;22,14
August;France;191,31
Dezember;France;49,56
Juni;France;22,29
August;France;31,5
August;France;79,44
Juni;France;39,69
Januar;France;45,54
November;France;75,6
Mai;France;71,94
April;France;246,3
Juni;France;71,73
Juni;France;84,6
November;France;29,76
Mai;France;44,64
September;France;94,08
April;France;88,83
November;France;188,37
Januar;France;275,94
Dezember;France;81,99
März;France;221,7
November;France;26,82
November;France;125,4
November;France;92,34
August;France;40,68
Dezember;France;83,55
Oktober;France;246,6
Januar;France;95,28
Juli;France;109,32
Mai;France;118,44
Dezember;France;1461,135
Mai;France;962,7345
Oktober;France;610,077
August;France;673,647
August;France;1661,049
August;France;1629,9075
Juni;France;868,842
Dezember;France;588,0225
Dezember;Germany;990,12
September;Germany;166,05
September;Germany;117,12
Dezember;Germany;115,02
November;Germany;165,96
Dezember;Germany;115,89
Juni;Germany;162,54
April;Germany;2305,26
August;Germany;61,44
August;Germany;108,36
September;Germany;513,12
Dezember;Germany;138,3
Mai;Germany;39,54
Oktober;Germany;84,3
August;Germany;619,974
August;Germany;102,168
März;Germany;221,4
Mai;Germany;80,58
November;Germany;186,84
November;Germany;201,96
Dezember;Germany;93,42
August;Germany;490,26
Januar;Germany;92,7
August;Germany;773,55
April;Germany;73,278
April;Germany;976,08
Oktober;Germany;336,6
November;Germany;235,32
Februar;Germany;81,63
Juli;Germany;144,342
Juli;Germany;262,17
April;Germany;82,56
Mai;Germany;117,234
November;Germany;1397,169
Februar;Germany;106,272
Februar;Germany;447,147
August;Germany;340,992
März;Germany;186,786
November;Germany;268,92
Dezember;Germany;252,585
Juni;Germany;967,896
August;Germany;309,555
Juli;Germany;831,789
September;Germany;1007,424
Juni;Germany;252,585
Mai;Germany;2365,605
April;Germany;588,816
August;Germany;502,578
Oktober;Germany;264,384
April;Germany;558,576
Oktober;Germany;832,842
Dezember;Germany;158,58
Juni;Germany;66,6
Januar;Germany;121,08
Juli;Germany;50,79
Juli;Germany;88,65
Juni;Germany;40,26
Dezember;Germany;32,04
Dezember;Germany;155,34
Dezember;Germany;167,58
Dezember;Germany;59,22
Dezember;Germany;113,76
August;Germany;155,34
Dezember;Germany;81,27
August;Germany;284,1
August;Germany;78,12
August;Germany;152,28
Februar;Germany;60,54
Oktober;Germany;39,69
Oktober;Germany;97,2
September;Germany;148,41
Dezember;Germany;228,75
Mai;Germany;25,83
Mai;Germany;44,91
Dezember;Germany;54,96
Mai;Germany;120,45
Oktober;Germany;16,02
Oktober;Germany;52,86
Februar;Germany;44,1
Dezember;Germany;22,62
August;Germany;53,91
Oktober;Germany;91,5
November;Germany;137,07
März;Germany;48,87
Januar;Germany;131,85
April;Germany;218,16
April;Germany;571,32
Dezember;Germany;131,49
September;Germany;289,71
Mai;Germany;53,28
Mai;Germany;37,86
August;Germany;28,98
August;Germany;15,54
August;Germany;146,1
März;Germany;72,27
April;Germany;40,38
März;Germany;43,92
März;Germany;49,5
März;Germany;13,185
November;Germany;96
November;Germany;112,725
November;Germany;79,974
November;Germany;90,936
November;Germany;98,172
August;Germany;80,1
August;Germany;215,64
Dezember;Germany;78,327
September;Germany;184,59
November;Germany;351,864
November;Germany;126,75
Februar;Germany;38,4
September;Germany;97,32
September;Germany;149,22
September;Germany;95,16
Mai;Germany;94,65
August;Germany;87,3
März;Germany;110,25
Januar;Germany;227,34
Dezember;Germany;50,1
November;Germany;263,1
September;Germany;101,58
November;Germany;138,672
Juli;Germany;61,92
August;Germany;38,28
April;Germany;126,9
September;Germany;122,325
November;Germany;67,41
November;Germany;240,3
Januar;Germany;87,48
Juli;Germany;109,08
Juli;Germany;220,59
März;Germany;30,96
März;Germany;50,7
September;Germany;74,7
Dezember;Germany;86,52
Juni;Germany;13,98
Juni;Germany;264,6
März;Germany;38,34
Dezember;Germany;40,8
Dezember;Germany;255,15
August;Germany;106,08
November;Germany;68,25
Dezember;Germany;408,72
Dezember;Germany;43,56
November;Germany;356,16
April;Germany;25,23
November;Germany;45,45
August;Germany;88,11
November;Germany;100,26
August;Germany;29,55
November;Germany;45,45
Februar;Germany;113,04
April;Germany;39,33
September;Germany;24,48
August;Germany;17,73
August;Germany;17,73
März;Germany;45,45
Januar;Germany;7,98
Mai;Germany;158,76
August;Germany;17,73
Oktober;Germany;13,23
Oktober;Germany;11,43
Oktober;Germany;45,45
September;Germany;23,598
September;Germany;6,318
November;Germany;370,44
Mai;Germany;21,06
August;Germany;34,83
Dezember;Germany;100,8
Juni;Germany;86,4
April;Germany;51,45
August;Germany;117,96
August;Germany;473,31
September;Germany;16,32
August;Germany;14,04
Oktober;Germany;28,95
Juli;Germany;4,8
Juli;Germany;153,36
April;Germany;13,62
April;Germany;398,16
Dezember;Germany;100,764
Juni;Germany;60,9
Februar;Germany;207,12
September;Germany;121,92
November;Germany;17,52
November;Germany;23,976
November;Germany;53,082
August;Germany;84,9
November;Germany;90,99
Oktober;Germany;39,96
Juni;Germany;221,535
September;Germany;49,44
Mai;Germany;58,44
Januar;Germany;27,33
Januar;Germany;145,2
Juni;Germany;29,04
Oktober;Germany;33,3
April;Germany;26,595
November;Germany;80,85
November;Germany;70,05
November;Germany;154,26
Oktober;Germany;13,83
Oktober;Germany;18,54
Oktober;Germany;96,6
April;Germany;105,18
März;Germany;30,48
Mai;Germany;10,449
Mai;Germany;28,107
März;Germany;54,6
April;Germany;1578,636
August;Germany;400,788
November;Germany;260,496
November;Germany;2455,677
November;Germany;225,18
November;Germany;561,87
November;Germany;705,348
Juli;Germany;1361,043
September;Germany;48,42
Dezember;Germany;1314,432
September;Germany;1964,25
Februar;Germany;447,876
September;Germany;1177,173
Juli;Germany;662,448
August;Germany;459,513
August;Germany;370,575
März;Germany;745,686
Juli;Germany;655,776
August;Germany;668,925
August;Germany;676,485
August;Germany;977,022
Dezember;Germany;223,398
Februar;Germany;306,342
Oktober;Germany;50,412
August;Germany;1217,673
September;Germany;1983,015
April;Germany;1190,304
September;Germany;1854,495
April;Germany;1156,68
Februar;Germany;134,082
Juni;Germany;422,928
März;Germany;2092,5
November;Germany;412,695
Januar;Germany;148,014
Juni;Germany;1227,717
Mai;Germany;291,654
November;Germany;911,358
Mai;Germany;373,896
September;Germany;956,664
Dezember;Germany;119,232
Januar;Germany;354,861
Februar;Germany;1652,4
August;Germany;267,12
November;Germany;112,158
Juli;Germany;2049,84
April;Germany;269,19
Juni;Germany;315,936
Juni;Germany;1682,748
Mai;Germany;184,437
November;Germany;473,148
Juli;Germany;822,906
Mai;Germany;253,692
Januar;Germany;68,352
September;Germany;527,46
Dezember;Germany;385,86
September;Germany;743,58
Februar;Germany;1072,08
Oktober;Germany;771,72
Januar;Germany;260,28
Mai;Germany;191,34
November;Germany;602,76
Juni;Germany;380,1
September;Germany;881,55
Juli;Germany;886,95
Januar;Germany;642,72
September;Germany;1513,56
Mai;Germany;763,92
März;Germany;1029,6
Januar;Germany;323,028
Februar;Germany;576,72
August;Germany;1336,86
September;Germany;1350,09
September;Germany;1599,9
Dezember;Germany;585,63
November;Germany;539,244
Oktober;Germany;1192,56
November;Germany;2478,84
Mai;Germany;881,55
November;Germany;954,54
Januar;Germany;145,35
November;Germany;260,34
Dezember;Germany;382,14
August;Germany;513,36
Mai;Germany;150,12
Oktober;Germany;2970,9
Dezember;Germany;225,9
Juni;Germany;204,75
Dezember;Germany;24,93
September;Germany;49,2
Oktober;Germany;30,93
August;Germany;179,25
Oktober;Germany;66,69
Februar;Germany;54,18
Februar;Germany;237,6
September;Germany;99,96
November;Germany;39,57
Juni;Germany;133,164
Mai;Germany;37,68
März;Germany;154,2
März;Germany;24,69
September;Germany;93,24
November;Germany;14,76
Januar;Germany;18
Januar;Germany;139,32
März;Germany;156,06
November;Germany;184,8
Juli;Germany;202,23
März;Germany;105,45
Oktober;Germany;142,56
März;Germany;240,3
August;Germany;271,32
November;Germany;42,48
Dezember;Germany;108,96
Oktober;Germany;97,56
September;Germany;97,02
Mai;Germany;30,69
November;Germany;120,45
März;Germany;55,56
Dezember;Germany;12,375
Mai;Germany;75,33
August;Germany;27,6
Juni;Germany;27,72
Januar;Germany;93,87
August;Germany;15,96
April;Germany;33,21
Mai;Germany;43,02
August;Germany;26,82
August;Germany;51,9
November;Germany;58,968
September;Germany;16,68
Juni;Germany;18,72
Mai;Germany;21,54
Mai;Germany;39,78
Dezember;Germany;37,68
Oktober;Germany;38,76
September;Germany;39,69
Mai;Germany;38,961
Oktober;Germany;46,08
April;Germany;11,46
Februar;Germany;50,58
November;Germany;50,22
August;Germany;175,44
Dezember;Germany;251,1
Dezember;Germany;33,912
August;Germany;103,62
Mai;Germany;101,4
Dezember;Germany;189,756
Juli;Germany;50,7
November;Germany;290,85
November;Germany;220,56
November;Germany;120,042
Dezember;Germany;126,96
August;Germany;56,97
März;Germany;35,22
September;Germany;135,09
Februar;Germany;126,45
Februar;Germany;130,95
Juni;Germany;47,64
September;Germany;217,2
Januar;Germany;31,56
August;Germany;126,18
Dezember;Germany;84,84
März;Germany;27
Januar;Germany;17,28
November;Germany;34,02
August;Germany;55,944
Mai;Germany;29,97
Januar;Germany;34,11
Januar;Germany;26,52
Februar;Germany;20,16
März;Germany;11,19
September;Germany;21,42
April;Germany;24,48
Juli;Germany;28,917
August;Germany;49,35
April;Germany;8,34
März;Germany;41,25
August;Germany;73,92
November;Germany;12,852
Dezember;Germany;71,04
Januar;Germany;21,3
Dezember;Germany;34,02
Oktober;Germany;10,26
Januar;Germany;61,56
September;Germany;30,96
Februar;Germany;35,55
Februar;Germany;39,33
Juni;Germany;21,72
April;Germany;28,53
April;Germany;29,97
September;Germany;65,55
August;Germany;51,45
November;Germany;934,185
Dezember;Germany;527,49
August;Germany;358,2
Juni;Germany;624,18
Juli;Germany;761,4
April;Germany;2135,28
Dezember;Germany;311,25
Februar;Germany;1071,84
Januar;Germany;312,21
Februar;Germany;268,62
Juni;Germany;529,98
Oktober;Germany;936,27
September;Germany;2088,24
Oktober;Germany;201,12
März;Germany;241,32
August;Germany;600,3
November;Germany;315,306
Januar;Germany;354,15
Januar;Germany;919,89
Oktober;Germany;1269,84
April;Germany;501,69
Oktober;Germany;533,82
Dezember;Germany;53,76
November;Germany;97,92
November;Germany;84,9
September;Germany;67,2
Juli;Germany;59,34
Januar;Germany;145,53
August;Germany;154,413
August;Germany;106,65
November;Germany;193,68
September;Germany;180,72
November;Germany;26,811
Mai;Germany;157,59
Dezember;Germany;48,3
Juli;Germany;62,4
Mai;Germany;62,55
Mai;Germany;33,18
April;Germany;101,25
Februar;Germany;528,66
Dezember;Germany;1272,12
Oktober;Germany;554,85
August;Germany;848,4
August;Germany;1954,17
Dezember;Germany;461,16
Oktober;Germany;504,09
November;Germany;834,9
Mai;Germany;916,41
August;Germany;223,2
April;Germany;1958,04
Oktober;Germany;130,44
November;Germany;380,55
August;Germany;73,2
August;Germany;3256,95
September;Germany;261,48
Juni;Germany;546,96
April;Germany;346,74
November;Germany;66,51
Juni;Germany;98,055
April;Germany;166,275
November;Germany;146,4
Juli;Germany;2616,96
Dezember;Germany;1063,44
Dezember;Germany;1954,44
Oktober;Germany;107,775
Juni;Germany;3873,24
August;Germany;655,35
Januar;Germany;596,4
August;Germany;145,98
Juni;Germany;976,5
März;Germany;528,66
September;Germany;333,48
April;Germany;252,3
November;Germany;249,06
März;Germany;98,388
November;Germany;211,68
Juni;Germany;43,146
Juni;Germany;370,818
November;Germany;63,99
August;Germany;119,232
August;Germany;561,087
August;Germany;128,385
August;Germany;98,442
Juni;Germany;805,707
April;Germany;374,058
November;Germany;40,5
August;Germany;86,4
August;Germany;167,832
Oktober;Germany;358,02
Juli;Germany;229,446
Oktober;Germany;440,64
September;Germany;25,776
Februar;Germany;1280,286
November;Germany;368,334
November;Germany;457,056
November;Germany;51,696
August;Germany;332,496
November;Germany;18,522
April;Germany;115,992
April;Germany;54,432
September;Germany;21,573
September;Germany;368,226
September;Germany;28,89
Juli;Germany;156,249
Juli;Germany;174,42
Januar;Germany;128,223
Januar;Germany;222,345
April;Germany;260,28
August;Germany;19,386
Juni;Germany;557,28
September;Germany;28,998
November;Germany;637,335
März;Germany;344,169
August;Germany;534,357
August;Germany;86,4
März;Germany;129,519
März;Germany;190,89
November;Germany;551,205
November;Germany;169,296
November;Germany;244,8
August;Germany;381,78
September;Germany;714,312
Juli;Germany;22,923
Juni;Germany;214,656
September;Germany;147,663
August;Germany;890,595
September;Germany;385,56
April;Germany;230,256
April;Germany;78,288
Oktober;Germany;15,714
September;Germany;129,519
November;Germany;220,464
November;Germany;349,056
April;Germany;359,64
April;Germany;147,663
Oktober;Germany;42,66
März;Germany;44,01
Januar;Germany;180,672
Mai;Germany;321,912
Dezember;Germany;33,75
März;Germany;22,005
September;Germany;342,792
Juli;Germany;190,56
Januar;Germany;138,6
Dezember;Germany;76,74
November;Germany;136,5
Dezember;Germany;195,21
September;Germany;133,5
Juli;Germany;36,51
August;Germany;75,96
Mai;Germany;187,08
Januar;Germany;22,14
Mai;Germany;92,64
Januar;Germany;48,15
März;Germany;125,1
August;Germany;56,76
April;Germany;78,84
Mai;Germany;177,12
März;Germany;54,24
Oktober;Germany;141,12
Januar;Germany;54,12
Februar;Germany;106,8
September;Germany;285,84
Oktober;Germany;42,84
April;Germany;52,92
März;Germany;163,32
Juni;Germany;2291,835
Juli;Germany;915,1155
Februar;Germany;876,681
Dezember;Germany;1114,854
Juni;Germany;1631,916
September;Germany;1117,701
Mai;Germany;868,959
Dezember;Germany;940,914
September;Germany;623,3175
August;Ireland;19,665
August;Ireland;747,405
September;Ireland;766,95
November;Ireland;26,37
Mai;Ireland;39,555
August;Ireland;43,515
April;Ireland;77,7
Dezember;Ireland;74,205
September;Ireland;44,7
März;Ireland;53,7
März;Ireland;24,51
Juni;Ireland;13,14
Dezember;Ireland;55,74
August;Ireland;148,44
März;Ireland;291,78
August;Ireland;412,695
März;Ireland;238,65
Februar;Ireland;248,265
März;Ireland;449,91
Dezember;Ireland;373,23
September;Ireland;583,8
September;Ireland;25,08
August;Ireland;28,575
Dezember;Ireland;11,34
November;Ireland;13,29
September;Ireland;776,25
Mai;Ireland;33,72
Dezember;Ireland;37,08
Dezember;Ireland;143,475
Dezember;Ireland;8,985
August;Ireland;295,515
April;Ireland;632,07
März;Ireland;82,035
März;Ireland;30,69
September;Ireland;122,4
März;Ireland;155,925
November;Ireland;23,385
Juni;Italy;373,68
September;Italy;158,58
Juli;Italy;143,1
Juli;Italy;45,42
Juli;Italy;80,58
Juli;Italy;1293,75
September;Italy;802,2
Januar;Italy;495,06
Januar;Italy;519,66
Juni;Italy;800,64
Juni;Italy;290,64
April;Italy;58,83
August;Italy;985,68
September;Italy;217,98
August;Italy;292,11
März;Italy;163,56
Juni;Italy;250,38
Juni;Italy;276,72
Mai;Italy;1486,53
August;Italy;1708,74
Oktober;Italy;1072,86
Juni;Italy;139,8
März;Italy;1078,08
September;Italy;7958,58
Januar;Italy;2243,88
Juni;Italy;55,86
November;Italy;28,98
November;Italy;138,96
November;Italy;119,07
September;Italy;145,05
Juni;Italy;134,1
Juni;Italy;111,72
Juni;Italy;44,1
Juni;Italy;268,2
Januar;Italy;44,4
September;Italy;107,4
Dezember;Italy;56,55
Dezember;Italy;138,96
September;Italy;52,8
September;Italy;157,95
Januar;Italy;26,1
März;Italy;80,01
März;Italy;100,2
März;Italy;121,08
März;Italy;188,58
Juli;Italy;95,16
November;Italy;49,77
August;Italy;148,05
November;Italy;34,92
November;Italy;390,96
November;Italy;414,72
September;Italy;274,5
Juli;Italy;304,38
Juli;Italy;137,07
März;Italy;155,34
Januar;Italy;64,08
Dezember;Italy;311,01
Dezember;Italy;30,96
August;Italy;101,04
Januar;Italy;15,96
Juni;Italy;105,72
Mai;Italy;148,41
September;Italy;145,98
Januar;Italy;80,1
Januar;Italy;157,95
August;Italy;249,3
August;Italy;80,1
November;Italy;103,26
Juni;Italy;22,74
August;Italy;48,84
August;Italy;105,24
März;Italy;110,25
Mai;Italy;102,9
Dezember;Italy;219,6
August;Italy;36,63
Dezember;Italy;19,14
Januar;Italy;193,68
November;Italy;145,8
März;Italy;38,1
Juni;Italy;22,05
März;Italy;16,65
Juli;Italy;50,76
August;Italy;22,05
Oktober;Italy;252,3
Juli;Italy;43,83
Oktober;Italy;7,62
Dezember;Italy;45,45
Juli;Italy;9,78
August;Italy;25,56
Juni;Italy;27,81
Mai;Italy;41,64
Mai;Italy;89,46
Mai;Italy;147,69
Februar;Italy;84,78
November;Italy;27
Januar;Italy;29,04
Oktober;Italy;90,9
September;Italy;90,36
März;Italy;26,52
August;Italy;26,28
August;Italy;96,84
August;Italy;55,98
September;Italy;88,74
September;Italy;98,46
Januar;Italy;23,22
Juni;Italy;461,43
März;Italy;63,9
November;Italy;82,35
Mai;Italy;87,99
November;Italy;102,54
November;Italy;364,92
Juni;Italy;875,7
November;Italy;1245,6
September;Italy;2927,28
März;Italy;2060,7
August;Italy;592,68
Dezember;Italy;493,68
Januar;Italy;388,08
Juli;Italy;504,09
Dezember;Italy;2553,18
Juli;Italy;366,12
Mai;Italy;298,68
Mai;Italy;375,3
Februar;Italy;1235,25
September;Italy;1307,97
Oktober;Italy;490,08
August;Italy;740,85
August;Italy;1216,53
Februar;Italy;244,14
April;Italy;1232,28
Oktober;Italy;597,36
November;Italy;430,11
Januar;Italy;358,992
Dezember;Italy;23,676
August;Italy;134,352
August;Italy;33,312
Dezember;Italy;172,08
Dezember;Italy;180,288
Mai;Italy;287,136
August;Italy;57,852
September;Italy;216,144
September;Italy;153,828
Juni;Italy;83,484
August;Italy;114,78
September;Italy;288,192
April;Italy;1543,44
Juni;Italy;172,53
September;Italy;1209,45
November;Italy;743,4
Juli;Italy;478,56
Oktober;Italy;574,47
Februar;Italy;757,32
März;Italy;385,02
Juli;Italy;446,04
Mai;Italy;1182,6
Mai;Italy;290,7
Januar;Italy;2847,36
März;Italy;297,48
Dezember;Italy;290,7
August;Italy;294,3
November;Italy;97,32
November;Italy;28,53
Juni;Italy;21,6
Mai;Italy;187,68
Mai;Italy;94,5
Oktober;Italy;53,76
Juni;Italy;44,82
November;Italy;80,7
November;Italy;199,92
Oktober;Italy;45,24
Oktober;Italy;109,08
November;Italy;286,92
Mai;Italy;26,22
März;Italy;56,7
März;Italy;21,84
Juli;Italy;42,57
September;Italy;51,9
Oktober;Italy;26,28
Oktober;Italy;64,56
Januar;Italy;63,18
Juni;Italy;45,72
August;Italy;32,58
Januar;Italy;58,56
August;Italy;35,64
November;Italy;33
August;Italy;37,08
August;Italy;59,31
Februar;Italy;56,64
September;Italy;659,7
Juni;Italy;220,92
Juni;Italy;200,88
Juni;Italy;18,93
April;Italy;651,96
April;Italy;113,94
Dezember;Italy;213,84
August;Italy;155,43
Juli;Italy;220,08
Mai;Italy;109,74
August;Italy;689,22
November;Italy;549,75
August;Italy;146,34
Januar;Italy;190,8
April;Italy;990,36
April;Italy;21,6
Oktober;Italy;8,25
Juni;Italy;34,47
Dezember;Italy;27,84
Juli;Italy;51,03
Mai;Italy;8,64
Oktober;Italy;46,62
Januar;Italy;31,05
Juli;Italy;25,92
November;Italy;45,48
Oktober;Italy;79,38
August;Italy;34,5
November;Italy;82,5
Juni;Italy;111,78
März;Italy;11,37
September;Italy;11,49
Mai;Italy;78,57
November;Italy;22,68
Dezember;Italy;74,16
März;Italy;200,016
Juli;Italy;208,728
Februar;Italy;724,248
Juni;Italy;925,02
Dezember;Italy;98,388
Oktober;Italy;145,584
Januar;Italy;145,962
Mai;Italy;72,612
Oktober;Italy;1096,326
April;Italy;206,784
März;Italy;262,926
Februar;Italy;102,312
Januar;Italy;210,996
September;Italy;351,09
August;Italy;216,108
November;Italy;209,088
August;Italy;1316,448
Mai;Italy;155,85
Juni;Italy;90,6
April;Italy;79,11
September;Italy;293,76
Juli;Italy;144,9
Juni;Italy;91,53
Dezember;Italy;189,6
Dezember;Italy;27,48
Dezember;Italy;147,63
Juli;Italy;79,11
Juni;Italy;39,78
August;Italy;131,85
Februar;Italy;55,92
August;Italy;118,5
September;Italy;39,78
Januar;Italy;97,02
Mai;Italy;52,83
November;Italy;201,69
September;Italy;67,86
Oktober;Italy;71,46
September;Italy;50,67
Dezember;Italy;40,74
März;Italy;53,64
Dezember;Italy;166,74
August;Italy;149,436
Juli;Italy;771,336
Juni;Italy;196,11
September;Italy;199,71
Juni;Italy;136,728
November;Italy;1549,296
Juli;Italy;2671,452
Oktober;Italy;545,094
Oktober;Italy;350,64
Juni;Italy;175,68
August;Italy;765
Mai;Italy;238,734
August;Italy;295,56
Januar;Italy;106,128
November;Italy;109,242
September;Italy;100,152
August;Italy;45,666
Dezember;Italy;117,396
August;Italy;195,39
September;Italy;1145,232
Mai;Italy;407,232
August;Italy;443,808
August;Italy;785,088
Januar;Italy;148,23
November;Italy;709,128
November;Italy;96,714
Juni;Italy;97,632
Oktober;Italy;32,31
April;Italy;497,592
September;Italy;169,344
September;Italy;149,112
Januar;Italy;137,808
Juli;Italy;33,75
November;Italy;321,912
August;Italy;86,292
August;Italy;26,748
Dezember;Italy;245,484
März;Italy;76,482
August;Italy;15,858
Januar;Italy;86,4
Mai;Italy;37,566
Mai;Italy;595,17
August;Italy;498,744
November;Italy;23,616
Februar;Italy;484,596
April;Italy;159,84
Oktober;Italy;238,14
Februar;Italy;28,8
November;Italy;24,696
November;Italy;84,672
Januar;Italy;32,544
Januar;Italy;252,828
Januar;Italy;565,362
Oktober;Italy;174,42
Dezember;Italy;241,488
September;Italy;386,64
September;Italy;20,376
September;Italy;42,048
August;Italy;634,86
September;Italy;237,492
November;Italy;24,192
August;Italy;190,65
Juni;Italy;56,97
September;Italy;129,15
Januar;Italy;43,29
Juli;Italy;222,81
August;Italy;117
April;Italy;139,23
Dezember;Italy;48,63
Juli;Italy;435,51
August;Italy;110,7
Juni;Italy;31,5
Dezember;Italy;206,4
August;Italy;139,68
September;Italy;48,3
Dezember;Italy;94,08
Dezember;Italy;170,91
Juni;Italy;41,04
November;Italy;529,32
Juni;Italy;1360,62
Januar;Italy;631,5
Juli;Netherlands;83,67
Januar;Netherlands;61,44
August;Netherlands;65,16
August;Netherlands;67,815
November;Netherlands;107,55
September;Netherlands;632,61
Dezember;Netherlands;67,74
Januar;Netherlands;107,28
Mai;Netherlands;11,235
Juli;Netherlands;43,83
Juli;Netherlands;63,375
Januar;Netherlands;49,92
November;Netherlands;26,67
November;Netherlands;65,925
September;Netherlands;25,89
September;Netherlands;15,75
September;Netherlands;47,76
Dezember;Netherlands;30,27
Mai;Netherlands;40,005
August;Netherlands;80,865
August;Netherlands;55,26
Februar;Netherlands;46,74
November;Netherlands;144,585
April;Netherlands;36,765
September;Netherlands;48,66
September;Netherlands;80,475
Juli;Netherlands;59,76
Dezember;Netherlands;15,615
September;Netherlands;11,4
Juli;Netherlands;9,045
Januar;Netherlands;13,545
Januar;Netherlands;76,32
Juli;Netherlands;6,69
Februar;Netherlands;8,37
Juli;Netherlands;73,44
Dezember;Netherlands;75,51
Mai;Netherlands;158,1
Dezember;Netherlands;76,41
Oktober;Netherlands;15,9
August;Netherlands;27,33
November;Netherlands;8,01
November;Netherlands;44,235
November;Netherlands;7,335
Dezember;Netherlands;22,86
November;Netherlands;79,38
August;Netherlands;26,76
April;Netherlands;11,19
April;Netherlands;22,575
Februar;Netherlands;5,595
August;Netherlands;18,54
September;Netherlands;27,975
September;Netherlands;12,06
August;Netherlands;490,32
September;Netherlands;212,85
November;Netherlands;1275,12
November;Netherlands;616,815
November;Netherlands;521,22
Oktober;Netherlands;83,34
April;Netherlands;168,3
April;Netherlands;396,18
Juni;Netherlands;544,275
September;Netherlands;875,61
Dezember;Netherlands;127,74
Mai;Netherlands;132,87
August;Netherlands;72,675
April;Netherlands;157,98
Februar;Netherlands;224,01
März;Netherlands;41,115
Juli;Netherlands;243,495
Dezember;Netherlands;516
Januar;Netherlands;240,84
Februar;Netherlands;735,39
November;Netherlands;245,13
November;Netherlands;263,58
Juni;Netherlands;781,47
Dezember;Netherlands;20,16
April;Netherlands;62,325
August;Netherlands;14,4
September;Netherlands;19,2
Januar;Netherlands;46,62
April;Netherlands;26,19
Dezember;Netherlands;42,09
Januar;Netherlands;51,66
August;Netherlands;20,97
Oktober;Netherlands;10,41
September;Netherlands;12,36
März;Netherlands;9,705
April;Netherlands;27,45
September;Netherlands;21,06
August;Netherlands;263,88
Januar;Netherlands;38,16
Mai;Netherlands;190,296
Dezember;Netherlands;140,784
Oktober;Netherlands;127,296
November;Netherlands;120,888
August;Netherlands;71,424
Dezember;Netherlands;78,288
März;Netherlands;615,72
März;Netherlands;216,432
April;Netherlands;211,92
September;Netherlands;45,576
Juli;Netherlands;9,51
Mai;Netherlands;6,66
November;Netherlands;42,3
März;Netherlands;25,44
Dezember;Netherlands;16,875
August;Netherlands;468,765
Dezember;Netherlands;76,74
November;Netherlands;80,16
Februar;Netherlands;46,53
September;Netherlands;75,6
Dezember;Netherlands;107,505
April;Netherlands;46,41
Dezember;Netherlands;341,94
Juli;Netherlands;30,48
Januar;Netherlands;45,18
Mai;Netherlands;81,525
November;Netherlands;158,13
März;Netherlands;52,5
März;Netherlands;13,14
September;Netherlands;14,88
Dezember;Netherlands;68,295
November;Netherlands;424,2
November;Netherlands;168,03
Mai;Netherlands;72,21
Juli;Netherlands;259,56
September;Netherlands;48
September;Netherlands;48,96
November;Netherlands;102,09
November;Netherlands;39,6
Juli;Netherlands;396,78
August;Netherlands;351,675
Dezember;Netherlands;72,765
März;Netherlands;193,32
Mai;Netherlands;135,6
Dezember;Netherlands;632,07
Dezember;Netherlands;32,4
August;Netherlands;73,44
August;Netherlands;206,685
April;Netherlands;24,45
August;Netherlands;412,02
August;Netherlands;207,33
Mai;Netherlands;207,81
November;Netherlands;397,8
Dezember;Netherlands;20,16
August;Netherlands;48,42
Januar;Netherlands;306,225
September;Netherlands;26,85
September;Netherlands;321,075
Dezember;Netherlands;928,8
Juli;Netherlands;32,535
August;Netherlands;45,06
Dezember;Netherlands;18,9
Juli;Netherlands;16,71
Februar;Norway;334,68
August;Norway;119,43
Mai;Norway;148,68
Mai;Norway;198,96
Oktober;Norway;44,94
Oktober;Norway;44,22
Oktober;Norway;233,7
November;Norway;27,96
August;Norway;101,58
Januar;Norway;101,58
August;Norway;168,63
Mai;Norway;435,78
November;Norway;33,3
Januar;Norway;31,59
August;Norway;31,68
August;Norway;26,22
August;Norway;15,48
November;Norway;872,13
Mai;Norway;1032
August;Norway;1327,2
November;Norway;599,16
August;Norway;1590,9
August;Norway;194,64
November;Norway;41,94
Oktober;Norway;38,43
November;Norway;70,38
Mai;Norway;1601,46
Oktober;Norway;338,4
Januar;Norway;50,04
September;Norway;840,15
November;Norway;391,32
Oktober;Norway;412,8
November;Norway;424,2
August;Norway;595,17
Dezember;Portugal;121,905
November;Portugal;174,465
Dezember;Portugal;69,9
Dezember;Portugal;25,26
Dezember;Portugal;29,91
November;Portugal;25,2
April;Portugal;39,6
Dezember;Portugal;182,295
Dezember;Portugal;45,15
Dezember;Portugal;32,94
Juli;Portugal;182,625
Oktober;Portugal;143,22
August;Portugal;79,92
November;Portugal;274,68
Dezember;Portugal;20,7
Februar;Spain;88,47
November;Spain;58,98
Juni;Spain;318,96
September;Spain;293,58
November;Spain;363,3
Juni;Spain;115,56
August;Spain;163,38
Juli;Spain;341,73
November;Spain;176,4
August;Spain;306,78
Februar;Spain;2477,55
Juli;Spain;170,64
November;Spain;558,42
Juni;Spain;536,43
Juni;Spain;390,78
August;Spain;604,92
Februar;Spain;250,38
November;Spain;115,02
Dezember;Spain;152,28
Februar;Spain;281,88
Februar;Spain;1136,94
August;Spain;169,5
September;Spain;349,02
September;Spain;89,4
Februar;Spain;152,28
Juli;Spain;141,12
Dezember;Spain;20,64
Oktober;Spain;61,92
Februar;Spain;146,1
Februar;Spain;78,3
Juni;Spain;82,89
Juli;Spain;375,9
November;Spain;144,18
November;Spain;185,01
November;Spain;152,28
Februar;Spain;88,86
September;Spain;114,84
Dezember;Spain;25,35
Dezember;Spain;143,04
Februar;Spain;38,4
September;Spain;76,8
Januar;Spain;193,14
Februar;Spain;86,52
Oktober;Spain;88,44
August;Spain;105,24
Juli;Spain;52,08
Dezember;Spain;28,56
Dezember;Spain;78,3
August;Spain;47,76
August;Spain;59,22
November;Spain;52,2
Juli;Spain;107,4
September;Spain;34,02
Juni;Spain;138,45
Juni;Spain;155,52
Oktober;Spain;55,26
Oktober;Spain;56,85
Oktober;Spain;148,5
April;Spain;12,24
Januar;Spain;24
Januar;Spain;44,76
Juli;Spain;79,56
Januar;Spain;75,75
Juli;Spain;29,88
Oktober;Spain;103,95
Februar;Spain;49,95
Juni;Spain;60,6
Juni;Spain;158,76
Juni;Spain;16,32
Juli;Spain;8,82
November;Spain;25,38
August;Spain;40,86
August;Spain;345,24
Oktober;Spain;9,6
Oktober;Spain;300,63
November;Spain;39,96
August;Spain;33,45
Dezember;Spain;37,08
August;Spain;25,8
Oktober;Spain;28,95
November;Spain;338,91
Juli;Spain;73,71
November;Spain;84,69
Januar;Spain;52,44
Januar;Spain;24,72
September;Spain;25,14
August;Spain;83,97
Mai;Spain;127,8
Oktober;Spain;7,62
Dezember;Spain;157,77
November;Spain;18,36
September;Spain;394,2
April;Spain;361,86
Juli;Spain;142,83
Dezember;Spain;2188,05
November;Spain;410,22
November;Spain;376,74
Juni;Spain;826,2
August;Spain;124,86
August;Spain;729,54
November;Spain;565,8
Dezember;Spain;379,53
August;Spain;1233,63
Dezember;Spain;1162,89
September;Spain;734,4
Januar;Spain;136,344
August;Spain;82,704
August;Spain;197,352
Juli;Spain;157,968
Juni;Spain;78,312
November;Spain;388,872
Januar;Spain;259,248
August;Spain;1102,536
Mai;Spain;315,432
Oktober;Spain;417,456
September;Spain;211,968
April;Spain;192,78
September;Spain;300,24
Juli;Spain;574,47
Juni;Spain;757,32
September;Spain;1157,22
September;Spain;637,08
August;Spain;2124,72
September;Spain;1297,62
Februar;Spain;574,02
Juli;Spain;284,76
März;Spain;736,5
Juni;Spain;845,64
August;Spain;727,5
Dezember;Spain;245,22
November;Spain;497,64
November;Spain;2056,95
Dezember;Spain;432,81
Januar;Spain;2097,12
April;Spain;243,33
Oktober;Spain;639,96
Dezember;Spain;530,22
Dezember;Spain;285,48
Februar;Spain;6
Juli;Spain;83,4
Februar;Spain;29,52
März;Spain;37,35
September;Spain;40,02
September;Spain;108,36
April;Spain;118,65
April;Spain;68,67
November;Spain;37,35
November;Spain;40,02
Januar;Spain;30,03
November;Spain;103,2
Dezember;Spain;197,28
März;Spain;81,96
Februar;Spain;44,73
Juni;Spain;35,64
Juli;Spain;14,64
August;Spain;11,43
August;Spain;66,42
Februar;Spain;14,04
November;Spain;24,72
Juli;Spain;26,37
Juni;Spain;24,75
Februar;Spain;688,74
Juni;Spain;342,09
Juni;Spain;325,8
Juni;Spain;146,79
Juni;Spain;263,7
April;Spain;258
Juli;Spain;301,5
April;Spain;94,38
Februar;Spain;342,51
November;Spain;102,78
Dezember;Spain;79,11
November;Spain;103,2
August;Spain;191,28
Dezember;Spain;12,3
Juli;Spain;51,48
November;Spain;23,22
Januar;Spain;8,85
September;Spain;80,46
November;Spain;100,17
September;Spain;49,5
April;Spain;19,98
Dezember;Spain;73,92
Oktober;Spain;35,4
April;Spain;232,875
April;Spain;228,42
Januar;Spain;556,632
Januar;Spain;141,507
Juni;Spain;648,324
August;Spain;152,928
Dezember;Spain;327,564
Dezember;Spain;131,274
April;Spain;143,856
März;Spain;75,006
Februar;Spain;311,688
August;Spain;467,586
April;Spain;175,608
Oktober;Spain;280,125
März;Spain;108,594
Mai;Spain;846,288
November;Spain;291,924
Juni;Spain;559,062
Juli;Spain;43,98
August;Spain;99,66
Juni;Spain;584,61
November;Spain;158,22
Oktober;Spain;135,72
September;Spain;99,6
Dezember;Spain;94,92
Juni;Spain;117,6
Juli;Spain;113,64
September;Spain;66,84
April;Spain;114
November;Spain;34,14
Dezember;Spain;90,36
November;Spain;56,94
April;Spain;119,55
September;Spain;502,2
Februar;Spain;450,603
April;Spain;332,748
Juni;Spain;916,272
Dezember;Spain;4627,368
August;Spain;164,322
August;Spain;527,688
November;Spain;2863,35
Juni;Spain;336,393
Juli;Spain;1717,848
Dezember;Spain;418,446
April;Spain;300,402
Juni;Spain;2295
Februar;Spain;248,184
März;Spain;444,204
Februar;Spain;636,768
Juni;Spain;159,354
November;Spain;868,644
November;Spain;754,758
Dezember;Spain;244,728
November;Spain;275,616
Februar;Spain;103,356
April;Spain;352,512
Juli;Spain;496,044
Juli;Spain;108,864
Juli;Spain;932,985
März;Spain;85,32
November;Spain;127,008
August;Spain;53,568
Dezember;Spain;52,488
Juli;Spain;178,551
November;Spain;382,32
November;Spain;637,335
Juni;Spain;213,975
September;Spain;95,904
August;Spain;67,5
August;Spain;138,24
August;Spain;57,78
August;Spain;561,087
Juni;Spain;380,916
September;Spain;140,265
Juni;Spain;462,132
Dezember;Spain;758,484
September;Spain;577,665
August;Spain;357,156
September;Spain;103,302
April;Spain;465,102
August;Spain;148,878
November;Spain;552,501
Oktober;Spain;462,132
Juni;Spain;88,695
Dezember;Spain;104,976
Juni;Spain;97,632
Oktober;Spain;104,976
Juni;Spain;43,2
August;Spain;484,596
November;Spain;103,356
Dezember;Spain;204,876
November;Spain;43,335
Dezember;Spain;29,079
November;Spain;1401,84
Dezember;Spain;9,693
April;Spain;129,87
Februar;Spain;139,56
November;Spain;133,02
September;Spain;81,66
Oktober;Spain;49,5
November;Spain;117
Juni;Spain;136,5
März;Spain;190,98
August;Spain;90
Juni;Spain;57,36
Juli;Spain;94,05
November;Spain;162,12
November;Spain;46,32
November;Spain;128,25
August;Spain;329,07
Juli;Sweden;68,025
Juni;Sweden;168,93
August;Sweden;125,82
Dezember;Sweden;20,97
Dezember;Sweden;1582,11
Juli;Sweden;67,05
September;Sweden;21,825
Februar;Sweden;38,07
Februar;Sweden;46,74
August;Sweden;17,01
Dezember;Sweden;31,08
Dezember;Sweden;7,875
Dezember;Sweden;7,56
Dezember;Sweden;48,66
Juni;Sweden;42,735
Juni;Sweden;15,54
Februar;Sweden;60,96
Dezember;Sweden;50,34
September;Sweden;12,06
August;Sweden;231,39
August;Sweden;31,95
Dezember;Sweden;6,72
Dezember;Sweden;313,95
August;Sweden;59,82
Dezember;Sweden;313,35
Februar;Sweden;2830,425
April;Sweden;170,73
Juni;Sweden;359,475
September;Sweden;55,44
September;Sweden;312,48
Dezember;Sweden;144,825
Dezember;Sweden;224,37
Dezember;Sweden;57,93
Dezember;Sweden;55,44
November;Sweden;184,86
Oktober;Sweden;423,9
Juli;Sweden;321,75
November;Sweden;662,775
Mai;Sweden;132,555
Februar;Sweden;63,27
August;Sweden;21,84
April;Sweden;34,125
Juni;Sweden;19,41
Dezember;Sweden;33,825
Januar;Sweden;8,31
Dezember;Sweden;67,284
August;Sweden;42,432
Juni;Sweden;88,896
April;Sweden;76,224
Dezember;Sweden;20,004
Juni;Sweden;130,944
September;Sweden;4,08
August;Sweden;28,875
November;Sweden;13,2
September;Sweden;6,57
September;Sweden;8,55
Dezember;Sweden;42,48
Dezember;Sweden;262,74
Dezember;Sweden;36,465
Dezember;Sweden;86,115
November;Sweden;671,25
Dezember;Sweden;23,73
September;Sweden;72,99
August;Sweden;67,98
August;Sweden;102,195
Juni;Sweden;249,06
April;Sweden;273,36
August;Sweden;29,76
Februar;Sweden;283,26
Februar;Sweden;204,57
Februar;Sweden;46,5
Juni;Sweden;93,195
Februar;Sweden;210,69
August;Sweden;96,84
August;Sweden;46,5
August;Sweden;256,86
Oktober;Sweden;31,14
Dezember;Sweden;36,66
August;Sweden;185,76
Juli;Sweden;1363,905
Dezember;Switzerland;151,56
Oktober;Switzerland;12,36
August;Switzerland;55,98
Juni;Switzerland;32,25
August;Switzerland;34,38
August;Switzerland;11,61
August;Switzerland;289,44
Dezember;Switzerland;1913,4
Dezember;Switzerland;1054,68
August;Switzerland;50,28
August;Switzerland;623,7
Juli;Switzerland;1101,33
August;Switzerland;33,78
Dezember;Switzerland;292,44
Oktober;Switzerland;415,71
August;Switzerland;46,65
August;Switzerland;406,44
Juni;Switzerland;115,2
Dezember;Switzerland;30,36
August;Switzerland;299,52
Oktober;Switzerland;340,41
April;United Kingdom;597,66
September;United Kingdom;92,7
September;United Kingdom;1715,91
Februar;United Kingdom;154,08
Februar;United Kingdom;454,8
Mai;United Kingdom;130,32
August;United Kingdom;114,66
Februar;United Kingdom;171,45
Juli;United Kingdom;41,877
August;United Kingdom;811,23
Juli;United Kingdom;61,44
Juli;United Kingdom;135,63
Juni;United Kingdom;225,909
Juni;United Kingdom;3200,73
September;United Kingdom;769,68
August;United Kingdom;286,2
Mai;United Kingdom;71,172
August;United Kingdom;39,33
August;United Kingdom;517,92
August;United Kingdom;46,53
September;United Kingdom;780,75
Dezember;United Kingdom;214,02
Mai;United Kingdom;773,55
Februar;United Kingdom;1699,83
August;United Kingdom;1054,02
Januar;United Kingdom;180
März;United Kingdom;474,18
Oktober;United Kingdom;2077,32
Juli;United Kingdom;523,341
April;United Kingdom;1357,725
August;United Kingdom;495,51
November;United Kingdom;933,21
März;United Kingdom;685,44
August;United Kingdom;1533,9
August;United Kingdom;327,12
Juni;United Kingdom;1560,24
November;United Kingdom;222,6
Juli;United Kingdom;200,97
August;United Kingdom;53,88
Dezember;United Kingdom;51,63
September;United Kingdom;16,86
Mai;United Kingdom;38,4
Juni;United Kingdom;274,8
November;United Kingdom;52,08
September;United Kingdom;42,84
Februar;United Kingdom;204,66
Februar;United Kingdom;41,931
Mai;United Kingdom;27,96
Mai;United Kingdom;66,33
Januar;United Kingdom;115,8
Januar;United Kingdom;107,28
September;United Kingdom;33,075
April;United Kingdom;65,043
Mai;United Kingdom;105,72
Dezember;United Kingdom;105,3
Dezember;United Kingdom;125,064
März;United Kingdom;99
Juli;United Kingdom;59,31
September;United Kingdom;253,65
September;United Kingdom;118,62
März;United Kingdom;185,28
Februar;United Kingdom;93,18
September;United Kingdom;299,16
Dezember;United Kingdom;43,65
August;United Kingdom;91,314
Mai;United Kingdom;154,89
Januar;United Kingdom;72,009
Januar;United Kingdom;39,69
November;United Kingdom;91,5
Dezember;United Kingdom;53,7
September;United Kingdom;29,85
September;United Kingdom;244,35
November;United Kingdom;52,2
August;United Kingdom;37,74
März;United Kingdom;101,46
März;United Kingdom;272,88
Mai;United Kingdom;77,49
Dezember;United Kingdom;192,78
September;United Kingdom;110,25
Dezember;United Kingdom;74,25
September;United Kingdom;73,08
September;United Kingdom;692,58
Mai;United Kingdom;51,111
Juni;United Kingdom;146,79
August;United Kingdom;214,8
Februar;United Kingdom;94,35
Juli;United Kingdom;147,75
Juli;United Kingdom;89,4
April;United Kingdom;223,5
März;United Kingdom;27,96
Dezember;United Kingdom;157,86
August;United Kingdom;126,9
August;United Kingdom;35,82
August;United Kingdom;185,28
Februar;United Kingdom;79,29
Mai;United Kingdom;63,504
Mai;United Kingdom;142,074
August;United Kingdom;340,2
Oktober;United Kingdom;66,33
November;United Kingdom;47,04
August;United Kingdom;118,44
Februar;United Kingdom;94,65
Juni;United Kingdom;64,38
August;United Kingdom;179,76
Januar;United Kingdom;93,48
September;United Kingdom;46,92
Juni;United Kingdom;133,2
August;United Kingdom;94,5
Mai;United Kingdom;58,32
Mai;United Kingdom;150,6
Oktober;United Kingdom;33,6
April;United Kingdom;17,55
Juni;United Kingdom;77,67
Oktober;United Kingdom;64,8
November;United Kingdom;144,9
Januar;United Kingdom;111,24
August;United Kingdom;17,82
September;United Kingdom;45,15
Dezember;United Kingdom;11,82
September;United Kingdom;16,08
Juli;United Kingdom;158,1
Juni;United Kingdom;102,9
Februar;United Kingdom;26,82
September;United Kingdom;33,21
September;United Kingdom;24
Dezember;United Kingdom;131,868
Dezember;United Kingdom;54,054
Juni;United Kingdom;14,364
Februar;United Kingdom;17,091
Februar;United Kingdom;63,072
Januar;United Kingdom;11,82
September;United Kingdom;73,98
September;United Kingdom;25,23
Juni;United Kingdom;30,66
Juni;United Kingdom;293,04
Dezember;United Kingdom;8,91
Dezember;United Kingdom;79,56
Juni;United Kingdom;86,4
September;United Kingdom;30,24
Juni;United Kingdom;20,97
Juni;United Kingdom;65,28
Februar;United Kingdom;92,556
August;United Kingdom;110,64
Juli;United Kingdom;17,1
Dezember;United Kingdom;51,27
Juni;United Kingdom;25,56
Oktober;United Kingdom;42,6
Juni;United Kingdom;56,76
Dezember;United Kingdom;92,43
August;United Kingdom;20,82
August;United Kingdom;50,94
August;United Kingdom;14,01
November;United Kingdom;18,54
Dezember;United Kingdom;75,573
Mai;United Kingdom;31,68
Mai;United Kingdom;27,3
September;United Kingdom;99,54
Juni;United Kingdom;50,94
Januar;United Kingdom;15,96
Januar;United Kingdom;20,97
August;United Kingdom;9,78
August;United Kingdom;14,688
Juli;United Kingdom;13,59
Juli;United Kingdom;264,6
August;United Kingdom;283,986
Januar;United Kingdom;203,52
Juli;United Kingdom;61,32
September;United Kingdom;15,405
März;United Kingdom;74,925
August;United Kingdom;78,66
August;United Kingdom;61,8
September;United Kingdom;11,43
Dezember;United Kingdom;393,84
Mai;United Kingdom;45,252
Februar;United Kingdom;22,86
Februar;United Kingdom;82,08
August;United Kingdom;203,52
August;United Kingdom;11,4
September;United Kingdom;16,02
August;United Kingdom;512,19
Mai;United Kingdom;594,6
September;United Kingdom;245,94
April;United Kingdom;439,5
September;United Kingdom;2019,6
April;United Kingdom;996,3
Dezember;United Kingdom;283,8
Juni;United Kingdom;449,46
Dezember;United Kingdom;2379,618
Juni;United Kingdom;741,852
Juni;United Kingdom;1314,45
August;United Kingdom;1218,24
Oktober;United Kingdom;877,02
April;United Kingdom;868,95
September;United Kingdom;870,9
Dezember;United Kingdom;245,16
November;United Kingdom;626,7
September;United Kingdom;869,76
September;United Kingdom;2898,21
September;United Kingdom;1239,84
März;United Kingdom;428,4
November;United Kingdom;674,244
April;United Kingdom;1167,48
November;United Kingdom;723,72
Oktober;United Kingdom;73,41
April;United Kingdom;2291,814
August;United Kingdom;274,32
Oktober;United Kingdom;40,635
Oktober;United Kingdom;325,68
Juli;United Kingdom;144
Dezember;United Kingdom;459,513
November;United Kingdom;277,65
November;United Kingdom;406,14
Juni;United Kingdom;1391,76
März;United Kingdom;510,57
August;United Kingdom;212,4
Dezember;United Kingdom;68,31
Januar;United Kingdom;174,06
Januar;United Kingdom;529,47
August;United Kingdom;429,48
Februar;United Kingdom;429,48
November;United Kingdom;668,22
Juli;United Kingdom;47,01
August;United Kingdom;1216,65
April;United Kingdom;777,24
Dezember;United Kingdom;288,54
Oktober;United Kingdom;761,886
Dezember;United Kingdom;1279,32
März;United Kingdom;856,44
Oktober;United Kingdom;427,41
August;United Kingdom;720,42
Dezember;United Kingdom;1599,9
Juni;United Kingdom;759,66
August;United Kingdom;954,36
Februar;United Kingdom;262,14
Mai;United Kingdom;2518,95
April;United Kingdom;577,53
September;United Kingdom;650,7
Juni;United Kingdom;578,79
November;United Kingdom;735,39
März;United Kingdom;359,85
September;United Kingdom;636,36
Juni;United Kingdom;1429,44
September;United Kingdom;729,99
Januar;United Kingdom;1843,17
Dezember;United Kingdom;1144,89
April;United Kingdom;472,8
Januar;United Kingdom;4141,02
Januar;United Kingdom;428,67
Oktober;United Kingdom;898,38
November;United Kingdom;371,79
Januar;United Kingdom;286,92
Januar;United Kingdom;94,05
Dezember;United Kingdom;21,96
Dezember;United Kingdom;82,17
Dezember;United Kingdom;54,78
Juni;United Kingdom;271,44
Dezember;United Kingdom;184,896
Januar;United Kingdom;38,16
April;United Kingdom;15,336
Juni;United Kingdom;40,05
Oktober;United Kingdom;81,96
September;United Kingdom;93,84
Juni;United Kingdom;87,84
Juni;United Kingdom;15,6
Juni;United Kingdom;61,47
Mai;United Kingdom;23,55
Januar;United Kingdom;109,728
Dezember;United Kingdom;24,93
Februar;United Kingdom;96,12
August;United Kingdom;144,45
August;United Kingdom;81,42
September;United Kingdom;325,08
September;United Kingdom;111,51
Januar;United Kingdom;18
Februar;United Kingdom;64,56
August;United Kingdom;197,28
Februar;United Kingdom;31,92
November;United Kingdom;111,51
August;United Kingdom;26,1
August;United Kingdom;59,4
Oktober;United Kingdom;9,675
Juni;United Kingdom;45,72
Dezember;United Kingdom;135,45
Oktober;United Kingdom;55,8
Juni;United Kingdom;29,25
Juni;United Kingdom;21,96
Dezember;United Kingdom;41,85
Dezember;United Kingdom;41,04
Januar;United Kingdom;37,368
Mai;United Kingdom;19,23
April;United Kingdom;105,12
Dezember;United Kingdom;27,18
Februar;United Kingdom;51,57
Juli;United Kingdom;100,26
Januar;United Kingdom;35,46
August;United Kingdom;21,72
November;United Kingdom;24,75
September;United Kingdom;61,8
Juni;United Kingdom;94,77
April;United Kingdom;78,12
Januar;United Kingdom;39,3
Juni;United Kingdom;32,22
März;United Kingdom;44,793
November;United Kingdom;13,11
August;United Kingdom;17,58
Oktober;United Kingdom;56,64
Februar;United Kingdom;66,96
Oktober;United Kingdom;13,5
Juni;United Kingdom;29,988
Oktober;United Kingdom;31,164
Dezember;United Kingdom;47,34
Juni;United Kingdom;140,028
Dezember;United Kingdom;34,251
September;United Kingdom;79,128
Dezember;United Kingdom;210,924
Februar;United Kingdom;62,1
Juni;United Kingdom;133,56
Dezember;United Kingdom;122,031
September;United Kingdom;385,077
August;United Kingdom;119,028
Juli;United Kingdom;61,32
September;United Kingdom;13,293
August;United Kingdom;148,512
Juni;United Kingdom;53,046
August;United Kingdom;131,85
November;United Kingdom;538,755
August;United Kingdom;153,972
August;United Kingdom;258,426
Dezember;United Kingdom;70,308
Juni;United Kingdom;175,875
Juli;United Kingdom;22,092
Januar;United Kingdom;59,598
November;United Kingdom;31,122
August;United Kingdom;175,56
September;United Kingdom;61,11
Juni;United Kingdom;35,406
Oktober;United Kingdom;74,25
Dezember;United Kingdom;47,46
August;United Kingdom;58,05
Juni;United Kingdom;87,237
Juni;United Kingdom;43,68
Januar;United Kingdom;16,5
Januar;United Kingdom;26,58
August;United Kingdom;24,408
Februar;United Kingdom;9,135
Februar;United Kingdom;19,08
August;United Kingdom;8,34
September;United Kingdom;101,25
September;United Kingdom;38,16
November;United Kingdom;19,5
Januar;United Kingdom;33,534
August;United Kingdom;27,72
September;United Kingdom;7,05
November;United Kingdom;38,85
September;United Kingdom;18,45
September;United Kingdom;31,35
Januar;United Kingdom;19,02
August;United Kingdom;25,62
August;United Kingdom;46,2
August;United Kingdom;77,7
September;United Kingdom;30,6
August;United Kingdom;21,3
August;United Kingdom;34,83
August;United Kingdom;29,61
Mai;United Kingdom;55,944
Dezember;United Kingdom;49,5
August;United Kingdom;18,24
November;United Kingdom;16,5
Oktober;United Kingdom;799,83
Oktober;United Kingdom;221,454
Juni;United Kingdom;492,12
Juni;United Kingdom;340,83
September;United Kingdom;734,22
Juni;United Kingdom;935,172
August;United Kingdom;351,09
März;United Kingdom;485,28
April;United Kingdom;301,77
Dezember;United Kingdom;277,398
Januar;United Kingdom;161,94
Juni;United Kingdom;1859,55
Juli;United Kingdom;468,6
Oktober;United Kingdom;603,3
Juni;United Kingdom;181,44
August;United Kingdom;1863,54
Dezember;United Kingdom;261,03
September;United Kingdom;703,8
September;United Kingdom;798,75
Juni;United Kingdom;170,52
Februar;United Kingdom;268,62
April;United Kingdom;222,66
März;United Kingdom;850,35
Dezember;United Kingdom;715,86
Oktober;United Kingdom;366,75
August;United Kingdom;364,65
September;United Kingdom;230,88
Mai;United Kingdom;841,8
Januar;United Kingdom;71,1
Dezember;United Kingdom;94,2
Dezember;United Kingdom;100,92
Januar;United Kingdom;184,14
Oktober;United Kingdom;42,714
Januar;United Kingdom;65,22
September;United Kingdom;16,62
März;United Kingdom;61,83
September;United Kingdom;85,644
Juni;United Kingdom;45,09
Juni;United Kingdom;55,17
Juni;United Kingdom;53,01
April;United Kingdom;47,46
November;United Kingdom;59,58
November;United Kingdom;140,535
Dezember;United Kingdom;59,46
Februar;United Kingdom;33,6
Dezember;United Kingdom;20,28
Mai;United Kingdom;53,406
Mai;United Kingdom;59,724
September;United Kingdom;55,92
Oktober;United Kingdom;29,88
September;United Kingdom;50,4
Dezember;United Kingdom;237,33
August;United Kingdom;504,36
August;United Kingdom;369,9
August;United Kingdom;622,2
November;United Kingdom;508,77
November;United Kingdom;523,98
Oktober;United Kingdom;339,36
Juni;United Kingdom;459,36
Juni;United Kingdom;339,36
Juni;United Kingdom;413,64
April;United Kingdom;509,04
August;United Kingdom;1237,44
Februar;United Kingdom;670,95
Juni;United Kingdom;604,908
August;United Kingdom;278,88
Oktober;United Kingdom;223,83
September;United Kingdom;166,83
Juni;United Kingdom;550,08
Juni;United Kingdom;612,48
Juni;United Kingdom;66,57
Dezember;United Kingdom;867,3
Juli;United Kingdom;397,89
November;United Kingdom;1275
August;United Kingdom;1100,16
September;United Kingdom;327,12
Oktober;United Kingdom;2549,4
Juni;United Kingdom;618,72
Januar;United Kingdom;336,06
Juli;United Kingdom;275,58
Juli;United Kingdom;278,88
März;United Kingdom;520,38
August;United Kingdom;249,426
Juli;United Kingdom;1936,62
September;United Kingdom;565,32
Juli;United Kingdom;672,72
August;United Kingdom;23,22
August;United Kingdom;394,98
April;United Kingdom;483,57
Februar;United Kingdom;174,96
Februar;United Kingdom;79,29
September;United Kingdom;425,25
Februar;United Kingdom;33,12
August;United Kingdom;104,76
September;United Kingdom;64,2
Dezember;United Kingdom;53,91
Januar;United Kingdom;220,185
Juli;United Kingdom;115,71
Juni;United Kingdom;48,51
August;United Kingdom;119,85
Dezember;United Kingdom;145,44
Dezember;United Kingdom;549,36
Dezember;United Kingdom;424,2
Oktober;United Kingdom;261,468
Dezember;United Kingdom;341,523
Oktober;United Kingdom;195,84
März;United Kingdom;62,34
Januar;United Kingdom;75,39
Januar;United Kingdom;157,14
August;United Kingdom;11,25
August;United Kingdom;229,23
Dezember;United Kingdom;39,42
Dezember;United Kingdom;79,2
Januar;United Kingdom;146,79
August;United Kingdom;105,12
November;United Kingdom;128,37
Juni;United Kingdom;310,65
März;United Kingdom;764,82
Februar;United Kingdom;318,675
Juni;United Kingdom;342,72
Juni;United Kingdom;55,08
Juli;United Kingdom;48,96
August;United Kingdom;87,156
März;United Kingdom;250,44
Juni;United Kingdom;191,835
September;United Kingdom;1388,73
Juni;United Kingdom;18,66
November;United Kingdom;86,805
Dezember;United Kingdom;189,96
Juli;United Kingdom;44,01
September;United Kingdom;61,2
August;United Kingdom;1244,16
August;United Kingdom;242,25
September;United Kingdom;20,52
Juli;United Kingdom;1016,1
April;United Kingdom;128,43
Dezember;United Kingdom;387,84
September;United Kingdom;405,09
Juni;United Kingdom;10,74
Juli;United Kingdom;507,84
August;United Kingdom;52,86
März;United Kingdom;242,25
März;United Kingdom;393,96
Juli;United Kingdom;207,36
September;United Kingdom;125,22
Juli;United Kingdom;112,92
April;United Kingdom;57,84
Februar;United Kingdom;80,64
Februar;United Kingdom;271,05
Februar;United Kingdom;183,6
März;United Kingdom;511,575
September;United Kingdom;141,12
Juli;United Kingdom;96,96
März;United Kingdom;290,73
Oktober;United Kingdom;47,94
Dezember;United Kingdom;1058,1
Mai;United Kingdom;242,1
Januar;United Kingdom;214,92
August;United Kingdom;613,89
November;United Kingdom;17,97
Dezember;United Kingdom;289,35
September;United Kingdom;255,78
Mai;United Kingdom;987,45
November;United Kingdom;275,7
Oktober;United Kingdom;256,8
Januar;United Kingdom;21,48
November;United Kingdom;20,58
November;United Kingdom;289,35
Mai;United Kingdom;273,45
Mai;United Kingdom;67,92
August;United Kingdom;329,28
August;United Kingdom;56,97
Juni;United Kingdom;198,24
Mai;United Kingdom;15,42
Januar;United Kingdom;86,94
Oktober;United Kingdom;141,48
November;United Kingdom;74,34
September;United Kingdom;87,96
September;United Kingdom;222,81
Dezember;United Kingdom;47,82
August;United Kingdom;133,245
März;United Kingdom;240,45
Juli;United Kingdom;189,42
Februar;United Kingdom;128,85
Juni;United Kingdom;13,8
Juli;United Kingdom;433,95
Januar;United Kingdom;74,28
April;United Kingdom;79,2
Februar;United Kingdom;56,97
August;United Kingdom;90,63
Dezember;United Kingdom;427,41
August;United Kingdom;141,66
September;United Kingdom;49,56
Oktober;United Kingdom;173,25
November;United Kingdom;216
September;United Kingdom;11,13
Juni;United Kingdom;4363,35
Mai;United Kingdom;1399,113
Januar;United Kingdom;1745,34
August;United Kingdom;856,68
